{"epoch": 2, "train_loss": 1.744662880897522, "train_loss_x": 0.5405713468790054, "train_loss_u": 0.016054552979767323, "train_accuracy": 0.46875, "train_macro_f1": 0.22500000149011612, "train_micro_f1": 0.46875, "val_loss": 0.6773984432220459, "val_accuracy": 0.625, "val_macro_f1": 0.3245614320039749, "val_micro_f1": 0.625, "test_loss": 0.6856245155687686, "test_accuracy": 0.5439814925193787, "test_macro_f1": 0.35829991985250403, "test_micro_f1": 0.5439814814814815, "_timestamp": 1658715158, "_runtime": 491, "_step": 1, "_wandb": {"runtime": 489}}