{"epoch": 3, "train_loss": 1.6180488467216492, "train_loss_x": 0.47181400656700134, "train_loss_u": 0.015283131040632725, "train_accuracy": 0.5625, "train_macro_f1": 0.32500000298023224, "train_micro_f1": 0.5625, "val_loss": 0.6381939053535461, "val_accuracy": 0.6875, "val_macro_f1": 0.3818181902170181, "val_micro_f1": 0.6875, "test_loss": 0, "test_accuracy": 0, "test_macro_f1": 0, "test_micro_f1": 0, "_timestamp": 1659523044, "_runtime": 169, "_step": 2, "_wandb": {"runtime": 167}}